C	0x5	1
C	0x6	1
C	0xd	29
C	0xe	31
C	0x11	1
C	0x12	2
C	0x13	1
C	0x16	3
C	0x19	1
C	0x1c	2
C	0x1e	1
C	0x24	1
C	0x2c	1
C	0x32	3
C	0x39	21
C	0x3b	1
C	0x4e	1
A	0	0xe	BONUS	-1	-4.63	0.00	6.59	0x00000e96
A	1	0xe	BONUS_01	1	340.97	246.27	-36.03	0x00000ee9
A	2	0xe	BONUS_02	1	340.97	246.27	-36.03	0x00000ef3
A	3	0xe	BONUS_03	1	340.97	246.27	-36.03	0x00000ef4
A	4	0xe	BONUS_04	1	340.97	246.27	-36.03	0x00000ef5
A	5	0xe	BONUS_05	1	340.97	246.27	-36.03	0x00000ef6
A	6	0xe	BONUS_06	1	340.97	246.27	-36.03	0x00000ef7
A	7	0xe	BONUS_07	1	340.97	246.27	-36.03	0x00000ef8
A	8	0xe	BONUS_08	1	340.97	246.27	-36.03	0x00000ef9
A	9	0xe	BONUS_09	1	340.97	246.27	-36.03	0x00000efa
A	10	0xe	BONUS_10	1	340.97	246.27	-36.03	0x00000efb
A	11	0xe	BONUS_11	1	340.97	246.27	-36.03	0x00000efc
A	12	0xe	BONUS_12	1	340.97	246.27	-36.03	0x00000f12
A	13	0xe	BONUS_13	1	340.97	246.27	-36.03	0x00000f13
A	14	0xe	BONUS_14	1	340.97	246.27	-36.03	0x00000f14
A	15	0xe	BONUS_15	1	340.97	246.27	-36.03	0x00000f15
A	16	0xe	BONUS_16	1	340.97	246.27	-36.03	0x00000f16
A	17	0xe	BONUS_17	1	340.97	246.27	-36.03	0x00000f17
A	18	0xe	BONUS_18	1	340.97	246.27	-36.03	0x00000f18
A	19	0xe	BONUS_19	1	340.97	246.27	-36.03	0x00000f19
A	20	0xe	BONUS_20	1	340.97	246.27	-36.03	0x00000f1a
A	21	0xe	BONUS_21	1	340.97	246.27	-36.03	0x00000f21
A	22	0xe	BONUS_22	1	340.97	246.27	-36.03	0x00000f28
A	23	0xe	BONUS_23	1	340.97	246.27	-36.03	0x00000f29
A	24	0xe	BONUS_24	1	340.97	246.27	-36.03	0x00000f26
A	25	0xe	BONUS_25	1	340.97	246.27	-36.03	0x00000f23
A	26	0xe	BONUS_26	1	340.97	246.27	-36.03	0x00000f22
A	27	0xe	BONUS_27	1	340.97	246.27	-36.03	0x00000f24
A	28	0xe	BONUS_28	1	340.97	246.27	-36.03	0x00000f27
A	29	0xe	BONUS_29	1	340.97	246.27	-36.03	0x00000f25
A	30	0xe	BONUS_30	1	340.97	246.27	-36.03	0x00000f2a
A	31	0x32	BONUSMONEY	-1	-2.45	0.00	6.57	0x00000e9d
A	32	0x32	BONUSMONEYGOLD	-1	1.92	0.00	6.52	0x00000e98
A	33	0x32	BONUSMONEYSILVER	-1	-0.30	0.00	6.61	0x00000e9c
A	34	0x13	COMMANDER	1	355.19	245.56	-29.92	0x0000041e
A	35	0xd	MOTHER_FENCE	1	340.85	245.46	-35.79	0x00000ccc
A	36	0x0	BUNCH_LR	-1	352.18	191.48	6.14	0x00000e47
A	37	0x1e	CHECKPOINT_MANAGER	-1	328.15	317.67	103.25	0x00000451
A	38	0x3b	EVENTGENERATOR	1	366.38	222.30	-5.47	0x00000ebf
A	39	0xd	IRIS	1	335.19	244.13	18.32	0x0000059f
A	40	0xd	IRIS_01	1	334.56	244.14	20.75	0x0000059e
A	41	0xd	IRIS_02	1	336.67	244.17	22.10	0x0000059c
A	42	0xd	IRIS_03	1	338.61	244.18	20.51	0x0000059d
A	43	0xd	IRIS_04	1	337.68	244.15	18.17	0x000005a1
A	44	0xd	IRIS_COLLFAKE	1	336.58	239.16	20.06	0x000005a0
A	45	0xd	LVL09_MOBPLAT_AFTER_EXORCISM	1	345.81	244.50	3.50	0x00000f5d
A	46	0xd	LVL09_MOBPLAT_BEFORE_EXORCISM	1	345.81	244.50	3.50	0x00000e43
A	47	0xd	LVL8ASCENS	-1	387.60	242.56	-68.03	0x000003d1
A	48	0xd	MPF_FAKE_COL	1	345.17	245.04	2.92	0x00000ee3
A	49	0xd	PARTSLAB	1	339.10	244.68	20.40	0x000005a2
A	50	0xd	PARTSLAB_01	1	338.92	244.67	18.87	0x00000599
A	51	0xd	PARTSLAB_02	1	337.87	244.65	17.67	0x0000059a
A	52	0xd	PARTSLAB_03	1	336.37	244.63	17.24	0x00000593
A	53	0xd	PARTSLAB_04	1	335.03	244.62	17.70	0x000005a4
A	54	0xd	PROJECTIL1	1	380.52	241.61	-64.35	0x00000e1e
A	55	0xd	PROJECTIL2	1	381.87	241.50	-62.34	0x00000e57
A	56	0xd	PROJECTIL3_01	1	381.22	241.48	-61.79	0x00000e70
A	57	0xd	PROJECTIL3_02	1	378.67	240.62	-66.01	0x00000e7d
A	58	0xd	PROJECTIL3_03	1	379.94	241.31	-63.76	0x00000e7e
A	59	0xd	PTF_SCRAWNIEFACE_AFTER_EXORCISM	1	389.13	243.49	-57.06	0x00000f64
A	60	0xd	PTF_SCRAWNIEFACE_BEFORE_EXORCISM	1	380.28	243.01	-65.49	0x00000f65
A	61	0xd	TELEPORTER_LVL_DOOR	1	334.86	244.81	22.64	0x00000595
A	62	0xd	FRANK_PROJ1	1	380.38	244.27	-64.54	0x00000e1c
A	63	0xd	FRANK_PROJ2	1	380.10	244.91	-64.71	0x00000e56
A	64	0xd	FRANK_PROJ3	1	381.23	244.04	-61.80	0x00000f51
A	65	0xd	FRANK_PROJ3_L1	1	378.69	244.01	-66.03	0x00000e75
A	66	0xd	FRANK_PROJ3_L3	1	379.96	243.77	-63.77	0x00000e77
A	67	0x39	FENCE_RANCH	1	417.30	243.43	-56.43	0x00000e0d
A	68	0x39	FENCE_RANCH_01	1	413.55	243.30	-56.61	0x00000e11
A	69	0x39	FENCE_RANCH_02	1	398.01	243.05	-48.06	0x00000e0a
A	70	0x39	FENCE_RANCH_03	1	395.00	243.27	-44.87	0x00000e06
A	71	0x39	FENCE_RANCH_04	1	401.60	243.03	-50.74	0x00000e09
A	72	0x39	FENCE_RANCH_05	1	389.24	243.43	-38.27	0x00000e07
A	73	0x39	FENCE_RANCH_06	1	386.45	243.39	-34.63	0x00000e0c
A	74	0x39	FENCE_RANCH_07	1	384.62	243.34	-32.19	0x00000e05
A	75	0x39	FENCE_RANCH_08	1	382.32	243.63	-29.19	0x00000e0f
A	76	0x39	FENCE_RANCH_09	1	379.78	244.04	-25.50	0x00000e0b
A	77	0x39	FENCE_RANCH_10	1	379.51	243.74	-21.68	0x00000e0e
A	78	0x39	FENCE_RANCH_11	1	366.03	243.93	8.67	0x00000e10
A	79	0x39	FENCE_RANCH_12	1	363.60	243.90	12.20	0x00000e08
A	80	0x39	FENCE_RANCH_13	1	405.56	243.34	-52.25	0x00000ea2
A	81	0x39	FENCE_RANCH_14	1	392.11	243.33	-57.27	0x00000ea3
A	82	0x39	FENCE_RANCH_15	1	385.97	243.31	-56.96	0x00000ea4
A	83	0x39	FENCE_RANCH_17	1	384.01	243.15	-58.76	0x00000f5f
A	84	0x39	FENCE_RANCH_18	1	376.53	243.11	-70.63	0x00000f60
A	85	0x39	FENCE_RANCH_19	1	381.96	243.11	-62.15	0x00000f63
A	86	0x39	FENCE_RANCH_20	1	378.95	242.85	-68.55	0x00000f62
A	87	0x39	FENCE_RANCH_21	1	395.72	243.13	-59.36	0x00000f68
A	88	0x19	COMPANION	-1	-1067.85	1948.81	1674.95	0x00000bfd
A	89	0x16	BACK2LIFE_FRUIT	-1	0.94	0.00	-4.24	0x00000ead
A	90	0x16	INCREASE_DAMAGE_FRUIT	-1	-1.01	0.00	-4.18	0x00000eac
A	91	0x16	INVINCIBILITY_FRUIT	-1	2.74	0.00	-4.53	0x00000eae
A	92	0x12	WIND	1	336.64	241.80	20.00	0x00000596
A	93	0x12	WIND_L1	1	336.94	236.83	19.94	0x00000592
A	94	0x4e	KRONOS_BUNCH	1	340.85	245.46	-35.79	0x0000041d
A	95	0x6	KIM	-1	387.75	243.01	-68.51	0x0000010c
A	96	0x1c	ELECTRIC_BOMB	-1	-2.05	0.00	-1.18	0x00000e97
A	97	0x1c	TRAP_BOMB	-1	-2.15	0.00	1.89	0x00000e9a
A	98	0x5	BOOMY	-1	99.27	1078.01	1587.12	0x0000010d
A	99	0x2c	TRAP_MAGIC	-1	-4.58	0.00	1.88	0x00000e9b
A	100	0x11	MAGICALSWITCH	1	336.82	244.73	19.47	0x0000059b
A	101	0x24	TELEPORTER	1	336.82	244.73	19.47	0x00000594
